,miRNA_ID
5,hsa-miR-23c
6,hsa-miR-23b-3p
7,hsa-miR-23a-3p
100,hsa-miR-7-5p
101,hsa-miR-30b-5p
102,hsa-miR-30d-5p
103,hsa-miR-30e-5p
104,hsa-miR-30a-5p
105,hsa-miR-30c-5p
106,hsa-miR-758-3p
107,hsa-miR-143-3p
108,hsa-miR-9-5p
109,hsa-miR-424-5p
110,hsa-miR-195-5p
111,hsa-miR-16-5p
112,hsa-miR-497-5p
113,hsa-miR-15b-5p
114,hsa-miR-15a-5p
115,hsa-let-7c-5p
116,hsa-let-7i-5p
117,hsa-let-7g-5p
118,hsa-let-7f-5p
119,hsa-let-7e-5p
120,hsa-let-7b-5p
121,hsa-let-7a-5p
122,hsa-let-7d-5p
123,hsa-miR-98-5p
124,hsa-miR-27a-3p
125,hsa-miR-27b-3p
126,hsa-miR-153-3p
127,hsa-miR-26a-5p
128,hsa-miR-26b-5p
129,hsa-miR-495-3p
130,hsa-miR-429
131,hsa-miR-200b-3p
132,hsa-miR-200c-3p
133,hsa-miR-655-3p
134,hsa-miR-520f-3p
135,hsa-miR-302c-3p.2
136,hsa-miR-302b-3p
137,hsa-miR-520a-3p
138,hsa-miR-520c-3p
139,hsa-miR-373-3p
140,hsa-miR-372-3p
141,hsa-miR-302e
142,hsa-miR-302a-3p
143,hsa-miR-302d-3p
144,hsa-miR-302c-3p.1
145,hsa-miR-520d-3p
146,hsa-miR-520e
147,hsa-miR-520b
237,hsa-miR-325-3p
275,hsa-miR-22-3p
279,hsa-miR-137
282,hsa-miR-873-5p.2
294,hsa-miR-483-3p.1
295,hsa-miR-204-5p
296,hsa-miR-211-5p
297,hsa-miR-330-3p
318,hsa-miR-377-3p
319,hsa-miR-34a-5p
320,hsa-miR-449a
321,hsa-miR-449b-5p
322,hsa-miR-34c-5p
326,hsa-miR-455-5p
590,hsa-miR-217
591,hsa-miR-493-3p
592,hsa-miR-296-5p
593,hsa-miR-382-3p
594,hsa-miR-193b-3p
595,hsa-miR-193a-3p
596,hsa-miR-155-5p
599,hsa-miR-338-3p
600,hsa-miR-582-5p
601,hsa-miR-101-3p.2
602,hsa-miR-212-5p
603,hsa-miR-188-5p
604,hsa-miR-455-3p.2
605,hsa-miR-133b
606,hsa-miR-133a-3p.2
607,hsa-miR-222-3p
608,hsa-miR-221-3p
609,hsa-miR-486-5p
610,hsa-miR-10b-5p
611,hsa-miR-10a-5p
612,hsa-miR-381-3p
613,hsa-miR-21-5p
614,hsa-miR-590-5p
615,hsa-miR-183-5p.2
616,hsa-miR-183-5p.1
619,hsa-miR-28-3p
620,hsa-miR-19a-3p
621,hsa-miR-19b-3p
622,hsa-miR-130a-3p
623,hsa-miR-301a-3p
624,hsa-miR-301b-3p
625,hsa-miR-454-3p
626,hsa-miR-130b-3p
627,hsa-miR-106a-5p
628,hsa-miR-20b-5p
629,hsa-miR-20a-5p
630,hsa-miR-17-5p
631,hsa-miR-106b-5p
632,hsa-miR-93-5p
633,hsa-miR-519d-3p
634,hsa-miR-181a-5p
635,hsa-miR-181d-5p
636,hsa-miR-181c-5p
637,hsa-miR-181b-5p
638,hsa-miR-205-5p
640,hsa-miR-136-5p
641,hsa-miR-376b-3p
642,hsa-miR-376a-3p
644,hsa-miR-190a-5p
645,hsa-miR-190b
646,hsa-miR-544a
649,hsa-miR-668-3p
650,hsa-miR-877-5p
651,hsa-miR-146b-5p
652,hsa-miR-146a-5p
655,hsa-miR-323a-3p
657,hsa-miR-379-3p
658,hsa-miR-411-3p
660,hsa-miR-361-5p
661,hsa-miR-3064-5p
662,hsa-miR-149-5p
663,hsa-miR-196a-5p
664,hsa-miR-196b-5p
676,hsa-miR-139-5p
696,hsa-miR-382-5p
697,hsa-miR-455-3p.1
701,hsa-miR-24-3p
705,hsa-miR-28-5p
706,hsa-miR-708-5p
711,hsa-miR-185-5p
712,hsa-miR-378a-3p
723,hsa-miR-670-3p
724,hsa-miR-124-3p.1
725,hsa-miR-506-3p
726,hsa-miR-124-3p.2
727,hsa-miR-203a-3p.2
728,hsa-miR-203a-3p.1
730,hsa-miR-379-5p
732,hsa-miR-182-5p
1118,hsa-miR-342-3p
1119,hsa-miR-326
1120,hsa-miR-330-5p
1136,hsa-miR-29a-3p
1137,hsa-miR-29b-3p
1138,hsa-miR-29c-3p
1139,hsa-miR-493-5p
1172,hsa-miR-145-5p
1173,hsa-miR-140-5p
1174,hsa-miR-25-3p
1175,hsa-miR-32-5p
1176,hsa-miR-363-3p
1177,hsa-miR-367-3p
1178,hsa-miR-92b-3p
1179,hsa-miR-92a-3p
1219,hsa-miR-543
1310,hsa-miR-1271-5p
1311,hsa-miR-96-5p
1313,hsa-miR-371a-5p
1453,hsa-miR-135a-5p
1454,hsa-miR-135b-5p
1455,hsa-miR-760
1462,hsa-miR-125a-5p
1463,hsa-miR-125b-5p
1464,hsa-miR-873-5p.1
1465,hsa-miR-499a-5p
1466,hsa-miR-374b-5p
1467,hsa-miR-369-3p
1468,hsa-miR-374a-5p
1469,hsa-miR-802
1470,hsa-miR-409-5p
1471,hsa-miR-421
1472,hsa-miR-505-3p.1
1476,hsa-miR-448
1477,hsa-miR-219a-2-3p
1481,hsa-miR-340-5p
1805,hsa-miR-144-3p
1807,hsa-miR-33b-5p
1808,hsa-miR-33a-5p
1828,hsa-miR-128-3p
1831,hsa-miR-140-3p.1
1835,hsa-miR-199b-3p
1836,hsa-miR-199a-3p
1839,hsa-miR-101-3p.1
1843,hsa-miR-206
1844,hsa-miR-1-3p
1873,hsa-miR-148a-3p
1874,hsa-miR-148b-3p
1875,hsa-miR-152-3p
1876,hsa-miR-199a-5p
1877,hsa-miR-199b-5p
1879,hsa-miR-142-5p
1884,hsa-miR-376c-3p
2168,hsa-miR-214-5p
2182,hsa-miR-488-3p
2184,hsa-miR-329-3p
2185,hsa-miR-362-3p
2186,hsa-miR-409-3p
2188,hsa-miR-6835-3p
2234,hsa-miR-505-3p.2
2294,hsa-miR-133a-3p.1
2337,hsa-miR-142-3p.1
2340,hsa-miR-423-5p
2343,hsa-miR-485-5p
2344,hsa-miR-151a-3p
2345,hsa-miR-665
2401,hsa-miR-219a-5p
2572,hsa-miR-365a-3p
2573,hsa-miR-365b-3p
2700,hsa-miR-129-2-3p
2701,hsa-miR-129-1-3p
2907,hsa-miR-186-5p
2908,hsa-miR-224-5p
3229,hsa-miR-433-3p
3297,hsa-miR-218-5p
3384,hsa-miR-299-5p
3385,hsa-miR-202-5p
3450,hsa-miR-299-3p
3457,hsa-miR-141-3p
3458,hsa-miR-200a-3p
3530,hsa-miR-1306-5p
3531,hsa-miR-107
3532,hsa-miR-103a-3p
3626,hsa-miR-320b
3627,hsa-miR-320c
3628,hsa-miR-320d
3629,hsa-miR-320a
3630,hsa-miR-216b-5p
3698,hsa-miR-539-3p
3699,hsa-miR-485-3p
3700,hsa-miR-154-3p
3701,hsa-miR-487a-3p
3756,hsa-miR-132-3p
3757,hsa-miR-212-3p
3759,hsa-miR-223-3p
3871,hsa-miR-31-5p
3872,hsa-miR-876-5p
3874,hsa-miR-216a-5p
3917,hsa-miR-489-3p
3918,hsa-miR-1298-5p
4057,hsa-miR-410-3p
4066,hsa-miR-1224-5p
4291,hsa-miR-194-5p
4293,hsa-miR-483-3p.2
4330,hsa-miR-542-3p
4331,hsa-miR-140-3p.2
4338,hsa-miR-154-5p
4341,hsa-miR-142-3p.2
4342,hsa-miR-383-5p.1
4395,hsa-miR-331-3p
4800,hsa-miR-1193
4827,hsa-miR-192-5p
4828,hsa-miR-215-5p
5053,hsa-miR-129-5p
5320,hsa-miR-452-5p
5321,hsa-miR-892c-3p
5526,hsa-miR-208a-3p
5528,hsa-miR-208b-3p
5810,hsa-miR-362-5p
5815,hsa-miR-375
5833,hsa-miR-494-3p
5875,hsa-miR-501-3p
5876,hsa-miR-502-3p
5900,hsa-miR-1197
5903,hsa-miR-150-5p
5905,hsa-miR-532-3p
5910,hsa-miR-134-5p
6780,hsa-miR-324-5p
6794,hsa-miR-339-5p
7333,hsa-miR-653-5p
7505,hsa-miR-18b-5p
7506,hsa-miR-18a-5p
7580,hsa-miR-296-3p
7585,hsa-miR-122-5p
7677,hsa-miR-411-5p.2
7726,hsa-miR-875-5p
7753,hsa-miR-346
7767,hsa-miR-423-3p
7896,hsa-miR-874-3p
7906,hsa-miR-210-3p
7983,hsa-miR-490-3p
8557,hsa-miR-431-5p
8561,hsa-miR-744-5p
8754,hsa-miR-503-5p
9006,hsa-miR-491-5p
9191,hsa-miR-383-5p.2
9655,hsa-miR-1249-3p
9880,hsa-miR-425-5p
11134,hsa-miR-187-3p
11948,hsa-miR-335-5p
12982,hsa-miR-328-3p
13682,hsa-miR-504-5p.1
14419,hsa-miR-193a-5p
15651,hsa-miR-138-5p
17521,hsa-miR-1251-5p
18755,hsa-miR-532-5p
19091,hsa-miR-126-3p.1
21554,hsa-miR-126-3p.2
25523,hsa-miR-411-5p.1
26995,hsa-miR-451a
27017,hsa-miR-496.1
31867,hsa-miR-184
31893,hsa-miR-100-5p
31894,hsa-miR-99a-5p
31895,hsa-miR-99b-5p
37433,hsa-miR-191-5p
44808,hsa-miR-450a-5p
45687,hsa-miR-496.2
65853,hsa-miR-615-3p
84006,hsa-miR-151a-5p
94097,hsa-miR-127-3p
106179,hsa-miR-147b
171242,hsa-miR-652-3p
265369,hsa-miR-487b-3p
269676,hsa-miR-551a
269677,hsa-miR-551b-3p
393020,hsa-miR-412-5p
230,hsa-miR-376a-5p
243,hsa-miR-124-3p
257,hsa-miR-505-3p
386,hsa-miR-149-3p
586,hsa-miR-198
619,hsa-let-7e-3p
779,hsa-miR-1304-3p
781,hsa-miR-142-3p
783,hsa-miR-148b-5p
784,hsa-miR-183-5p
786,hsa-miR-30a-3p
787,hsa-miR-30d-3p
788,hsa-miR-30e-3p
790,hsa-miR-4661-5p
791,hsa-miR-589-3p
792,hsa-miR-629-3p
793,hsa-miR-671-5p
795,hsa-miR-766-3p
798,hsa-miR-15a-3p
808,hsa-miR-222-5p
811,hsa-miR-331-5p
812,hsa-miR-34a-3p
813,hsa-miR-3613-5p
815,hsa-miR-570-3p
816,hsa-miR-576-5p
817,hsa-miR-664a-3p
822,hsa-miR-1254
837,hsa-miR-30c-2-3p
839,hsa-miR-3619-3p
841,hsa-miR-133a-3p
847,hsa-miR-548o-3p
852,hsa-miR-16-1-3p
859,hsa-miR-224-3p
860,hsa-miR-3065-5p
864,hsa-miR-522-3p
865,hsa-miR-522-5p
876,hsa-miR-1914-3p
878,hsa-miR-197-3p
892,hsa-miR-3127-5p
899,hsa-miR-450b-5p
900,hsa-miR-4511
901,hsa-miR-4726-3p
903,hsa-miR-5094
904,hsa-miR-518a-3p
908,hsa-miR-548b-3p
909,hsa-miR-651-5p
910,hsa-miR-769-3p
915,hsa-miR-942-5p
919,hsa-miR-140-3p
925,hsa-miR-181a-3p
934,hsa-miR-203a-3p
938,hsa-miR-32-3p
940,hsa-miR-3685
941,hsa-miR-412-3p
943,hsa-miR-4786-3p
945,hsa-miR-497-3p
946,hsa-miR-502-5p
947,hsa-miR-548h-3p
948,hsa-miR-548z
949,hsa-miR-652-5p
953,hsa-miR-2114-5p
954,hsa-miR-455-3p
959,hsa-miR-1976
962,hsa-miR-3611
963,hsa-miR-374b-3p
965,hsa-miR-4422
966,hsa-miR-501-5p
968,hsa-miR-642b-5p
969,hsa-miR-660-3p
975,hsa-miR-3605-5p
976,hsa-miR-4326
989,hsa-miR-148a-5p
990,hsa-miR-181c-3p
1019,hsa-miR-4517
1022,hsa-miR-545-3p
1023,hsa-miR-548ak
1025,hsa-miR-548am-5p
1029,hsa-miR-548au-5p
1031,hsa-miR-548b-5p
1032,hsa-miR-548c-5p
1036,hsa-miR-548d-5p
1040,hsa-miR-548h-5p
1041,hsa-miR-548i
1042,hsa-miR-548j-5p
1045,hsa-miR-548l
1046,hsa-miR-548o-5p
1050,hsa-miR-548w
1053,hsa-miR-548y
1054,hsa-miR-573
1055,hsa-miR-577
1057,hsa-miR-590-3p
1058,hsa-miR-627-5p
1065,hsa-miR-20a-3p
1076,hsa-miR-4452
1077,hsa-miR-5699-3p
1088,hsa-miR-1207-5p
1092,hsa-miR-1292-5p
1102,hsa-miR-130b-5p
1109,hsa-miR-146b-3p
1113,hsa-miR-17-3p
1151,hsa-miR-23b-5p
1176,hsa-miR-3615
1177,hsa-miR-3619-5p
1178,hsa-miR-3689a-5p
1179,hsa-miR-3689b-5p
1180,hsa-miR-3689e
1181,hsa-miR-3689f
1184,hsa-miR-4524a-5p
1189,hsa-miR-4742-3p
1190,hsa-miR-484
1192,hsa-miR-518c-5p
1201,hsa-miR-579-3p
1203,hsa-miR-654-3p
1222,hsa-miR-101-3p
1226,hsa-miR-1276
1228,hsa-miR-141-5p
1231,hsa-miR-15b-3p
1258,hsa-miR-483-3p
1260,hsa-miR-545-5p
1263,hsa-miR-708-3p
1275,hsa-miR-1915-5p
1284,hsa-miR-29b-2-5p
1285,hsa-miR-3157-3p
1286,hsa-miR-3179
1308,hsa-miR-320e
1313,hsa-miR-3679-5p
1316,hsa-miR-4429
1325,hsa-miR-616-5p
1326,hsa-miR-625-3p
1329,hsa-miR-676-3p
1332,hsa-miR-9-3p
1333,hsa-miR-944
1334,hsa-miR-95-3p
1337,hsa-miR-1304-5p
1339,hsa-miR-941
1344,hsa-miR-383-5p
1346,hsa-miR-185-3p
1349,hsa-miR-654-5p
1351,hsa-miR-193b-5p
1352,hsa-miR-2110
1366,hsa-miR-3194-5p
1368,hsa-miR-598-3p
1369,hsa-miR-637
1370,hsa-miR-675-5p
1371,hsa-miR-933
1375,hsa-miR-301a-5p
1381,hsa-miR-3691-5p
1382,hsa-miR-4690-5p
1383,hsa-miR-1343-3p
1385,hsa-miR-1910-5p
1386,hsa-miR-22-5p
1403,hsa-miR-106b-3p
1408,hsa-miR-1185-1-3p
1409,hsa-miR-1185-2-3p
1410,hsa-miR-1225-5p
1411,hsa-miR-1226-3p
1412,hsa-miR-125a-3p
1413,hsa-miR-125b-2-3p
1417,hsa-miR-130a-5p
1430,hsa-miR-1537-3p
1459,hsa-miR-221-5p
1481,hsa-miR-29a-5p
1484,hsa-miR-3065-3p
1485,hsa-miR-30c-1-3p
1487,hsa-miR-340-3p
1493,hsa-miR-432-5p
1496,hsa-miR-552-3p
1500,hsa-miR-615-5p
1522,hsa-miR-21-3p
1542,hsa-miR-624-5p
1544,hsa-miR-342-5p
1545,hsa-miR-4664-5p
1547,hsa-miR-103a-2-5p
1552,hsa-miR-1229-3p
1557,hsa-miR-181a-2-3p
1558,hsa-miR-181b-3p
1576,hsa-miR-361-3p
1578,hsa-miR-4473
1579,hsa-miR-4513
1583,hsa-miR-5010-3p
1584,hsa-miR-519c-3p
1587,hsa-miR-548a-5p
1590,hsa-miR-551b-5p
1594,hsa-miR-873-3p
1606,hsa-miR-3115
1608,hsa-miR-767-5p
1610,hsa-miR-20b-3p
1614,hsa-miR-877-3p
1618,hsa-miR-1202
1619,hsa-miR-1226-5p
1620,hsa-miR-139-3p
1633,hsa-miR-631
1634,hsa-miR-769-5p
1640,hsa-miR-1281
1665,hsa-miR-499a-3p
1666,hsa-miR-587
1667,hsa-miR-616-3p
1668,hsa-miR-873-5p
1677,hsa-miR-101-5p
1681,hsa-miR-1246
1686,hsa-miR-1270
1687,hsa-miR-1303
1700,hsa-miR-2115-5p
1703,hsa-miR-3199
1704,hsa-miR-324-3p
1708,hsa-miR-3613-3p
1712,hsa-miR-509-3p
1717,hsa-miR-629-5p
1758,hsa-miR-4698
1767,hsa-miR-507
1768,hsa-miR-548at-5p
1782,hsa-miR-26b-3p
1785,hsa-miR-30b-3p
1791,hsa-miR-5690
1793,hsa-miR-744-3p
1800,hsa-let-7a-3p
1801,hsa-let-7d-3p
1802,hsa-let-7f-1-3p
1803,hsa-let-7g-3p
1807,hsa-miR-10a-3p
1815,hsa-miR-1296-5p
1816,hsa-miR-1305
1834,hsa-miR-194-3p
1889,hsa-miR-3929
1894,hsa-miR-452-3p
1897,hsa-miR-4691-3p
1900,hsa-miR-518a-5p
1904,hsa-miR-589-5p
1907,hsa-miR-770-5p
1909,hsa-miR-96-3p
1921,hsa-miR-3928-3p
1922,hsa-miR-625-5p
1923,hsa-miR-766-5p
1924,hsa-miR-876-3p
1925,hsa-miR-939-5p
1929,hsa-miR-1290
1944,hsa-miR-561-3p
1953,hsa-miR-1293
1954,hsa-miR-1301-3p
1978,hsa-miR-34b-5p
1981,hsa-miR-449c-5p
1984,hsa-miR-4772-5p
1986,hsa-miR-588
2004,hsa-miR-18a-3p
2009,hsa-miR-24-2-5p
2020,hsa-miR-3157-5p
2025,hsa-miR-5008-3p
2026,hsa-miR-548au-3p
2027,hsa-miR-592
2058,hsa-miR-345-5p
2070,hsa-miR-642a-5p
2083,hsa-miR-3940-5p
2084,hsa-miR-92a-1-5p
2109,hsa-miR-2467-5p
2110,hsa-miR-27a-5p
2118,hsa-miR-378g
2121,hsa-miR-548an
2127,hsa-miR-99b-3p
2130,hsa-miR-1234-3p
2132,hsa-miR-1299
2150,hsa-miR-338-5p
2153,hsa-miR-34b-3p
2154,hsa-miR-34c-3p
2160,hsa-miR-5581-3p
2164,hsa-miR-93-3p
2182,hsa-miR-182-3p
2186,hsa-miR-2355-3p
2201,hsa-miR-33b-3p
2211,hsa-miR-550a-5p
2215,hsa-miR-5008-5p
2225,hsa-miR-33a-3p
2237,hsa-miR-219a-1-3p
2238,hsa-miR-335-3p
2242,hsa-miR-500b-5p
2244,hsa-miR-5096
2248,hsa-miR-105-5p
2251,hsa-miR-124-5p
2256,hsa-miR-196a-3p
2274,hsa-miR-4317
2283,hsa-miR-519a-3p
2284,hsa-miR-519b-3p
2305,hsa-miR-1260a
2306,hsa-miR-1260b
2310,hsa-miR-16-2-3p
2329,hsa-miR-550a-3p
2330,hsa-miR-5581-5p
2331,hsa-miR-574-5p
2353,hsa-miR-3677-5p
2358,hsa-miR-378i
2359,hsa-miR-3909
2363,hsa-miR-5682
2379,hsa-let-7f-2-3p
2391,hsa-miR-1275
2394,hsa-miR-1277-5p
2433,hsa-miR-26a-1-3p
2434,hsa-miR-26a-2-3p
2472,hsa-miR-513a-3p
2474,hsa-miR-539-5p
2541,hsa-miR-3187-3p
2556,hsa-miR-1287-5p
2565,hsa-miR-3158-3p
2570,hsa-miR-378c
2571,hsa-miR-378d
2578,hsa-miR-125b-1-3p
2581,hsa-miR-1288-3p
2587,hsa-miR-1468-5p
2610,hsa-miR-411-5p
2618,hsa-miR-603
2631,hsa-miR-205-3p
2636,hsa-miR-548e-3p
2637,hsa-miR-548f-3p
2638,hsa-miR-582-3p
2641,hsa-miR-99a-3p
2665,hsa-miR-527
2674,hsa-miR-888-3p
2719,hsa-miR-1273d
2753,hsa-miR-27b-5p
2794,hsa-miR-186-3p
2810,hsa-miR-4284
2811,hsa-miR-432-3p
2821,hsa-miR-1271-3p
2830,hsa-miR-19a-5p
2831,hsa-miR-19b-1-5p
2849,hsa-miR-24-1-5p
2865,hsa-miR-1307-3p
2869,hsa-miR-1908-5p
2880,hsa-miR-518f-5p
2884,hsa-miR-940
2889,hsa-miR-3176
2926,hsa-miR-191-3p
2941,hsa-miR-641
2951,hsa-miR-100-3p
2956,hsa-miR-126-5p
2990,hsa-miR-29b-1-5p
2997,hsa-miR-576-3p
2999,hsa-miR-628-3p
3000,hsa-miR-634
3001,hsa-miR-657
3038,hsa-let-7b-3p
3052,hsa-miR-302c-3p
3117,hsa-miR-150-3p
3126,hsa-miR-183-3p
3133,hsa-miR-302a-5p
3145,hsa-miR-374c-5p
3153,hsa-miR-548ax
3155,hsa-miR-580-3p
3159,hsa-miR-628-5p
3195,hsa-miR-1915-3p
3202,hsa-miR-4487
3203,hsa-miR-504-5p
3295,hsa-miR-936
3366,hsa-miR-138-2-3p
3401,hsa-miR-374a-3p
3405,hsa-miR-4254
3414,hsa-miR-513a-5p
3420,hsa-miR-7-1-3p
3431,hsa-miR-1179
3449,hsa-miR-188-3p
3486,hsa-miR-4705
3489,hsa-miR-5582-3p
3502,hsa-miR-4651
3511,hsa-miR-505-5p
3518,hsa-miR-127-5p
3519,hsa-miR-1291
3530,hsa-miR-520a-5p
3568,hsa-miR-4738-3p
3651,hsa-miR-500a-3p
3655,hsa-miR-561-5p
3657,hsa-miR-660-5p
3717,hsa-miR-664a-5p
3732,hsa-miR-4685-3p
3733,hsa-miR-5680
3743,hsa-miR-3617-5p
3762,hsa-miR-18b-3p
3764,hsa-miR-2277-3p
3797,hsa-miR-4482-5p
3816,hsa-miR-138-1-3p
3821,hsa-miR-144-5p
3876,hsa-miR-3651
3879,hsa-miR-3934-5p
3885,hsa-miR-4745-5p
3889,hsa-miR-498
3890,hsa-miR-518b
3891,hsa-miR-518d-3p
3893,hsa-miR-548aa
3895,hsa-miR-574-3p
3897,hsa-miR-607
3898,hsa-miR-635
3899,hsa-miR-649
3903,hsa-miR-922
3913,hsa-miR-192-3p
3919,hsa-miR-5001-3p
3980,hsa-miR-3943
3989,hsa-miR-765
4005,hsa-miR-1180-3p
4094,hsa-miR-548d-3p
4112,hsa-miR-3687
4125,hsa-miR-3607-3p
4126,hsa-miR-4421
4133,hsa-miR-1224-3p
4151,hsa-miR-424-3p
4152,hsa-miR-500a-5p
4155,hsa-miR-548n
4191,hsa-miR-510-5p
4192,hsa-miR-512-5p
4198,hsa-miR-924
4199,hsa-miR-92a-2-5p
4261,hsa-miR-218-1-3p
4278,hsa-miR-3130-3p
4383,hsa-miR-659-3p
4407,hsa-miR-2278
4431,hsa-miR-4766-3p
4466,hsa-miR-2355-5p
4487,hsa-miR-422a
4489,hsa-miR-548k
4566,hsa-miR-370-3p
4569,hsa-miR-556-3p
4570,hsa-miR-556-5p
4572,hsa-miR-647
4587,hsa-miR-3657
4687,hsa-miR-31-3p
4688,hsa-miR-3173-3p
4701,hsa-miR-4708-3p
4708,hsa-miR-548s
4742,hsa-miR-3180-3p
4785,hsa-miR-126-3p
4882,hsa-miR-3661
4895,hsa-miR-4286
4896,hsa-miR-4435
4898,hsa-miR-4521
4918,hsa-miR-571
4919,hsa-miR-605-5p
4922,hsa-miR-618
4957,hsa-miR-1267
4989,hsa-miR-1913
5001,hsa-miR-23a-5p
5020,hsa-miR-3607-5p
5035,hsa-miR-4803
5044,hsa-miR-550a-3-5p
5075,hsa-miR-3662
5076,hsa-miR-4328
5084,hsa-miR-3141
5252,hsa-miR-1285-5p
5367,hsa-miR-378a-5p
5382,hsa-miR-517-5p
5416,hsa-miR-636
5481,hsa-miR-4448
5506,hsa-miR-196b-3p
5552,hsa-miR-3913-5p
5556,hsa-miR-548a-3p
5573,hsa-miR-1255a
5653,hsa-miR-200a-5p
5709,hsa-miR-4792
5728,hsa-miR-935
5759,hsa-miR-3177-5p
5767,hsa-miR-490-5p
5774,hsa-miR-10b-3p
5775,hsa-miR-147a
5783,hsa-miR-202-3p
5792,hsa-miR-373-5p
5793,hsa-miR-377-5p
5815,hsa-miR-3127-3p
5818,hsa-miR-3681-5p
5894,hsa-miR-3143
5895,hsa-miR-3174
5928,hsa-miR-548ab
5941,hsa-miR-624-3p
6023,hsa-miR-431-3p
6029,hsa-miR-584-5p
6071,hsa-miR-323a-5p
6085,hsa-miR-4454
6121,hsa-miR-4461
6148,hsa-miR-608
6165,hsa-miR-146a-3p
6177,hsa-miR-25-5p
6187,hsa-miR-483-5p
6191,hsa-miR-614
6203,hsa-miR-1825
6255,hsa-miR-1243
6259,hsa-miR-1306-3p
6305,hsa-miR-526b-3p
6306,hsa-miR-542-5p
6307,hsa-miR-5586-3p
6372,hsa-miR-1909-5p
6401,hsa-miR-187-5p
6408,hsa-miR-3200-3p
6452,hsa-miR-4424
6453,hsa-miR-4484
6514,hsa-miR-136-3p
6637,hsa-miR-2682-5p
6669,hsa-miR-3180
6747,hsa-miR-5006-3p
6748,hsa-miR-5009-5p
6781,hsa-miR-622
6790,hsa-miR-7-2-3p
6992,hsa-miR-4793-3p
7021,hsa-miR-621
7211,hsa-miR-145-3p
7279,hsa-miR-223-5p
7326,hsa-miR-3609
7340,hsa-miR-4496
7345,hsa-miR-4659a-3p
7353,hsa-miR-513b-5p
7388,hsa-miR-557
7484,hsa-miR-197-5p
7589,hsa-miR-3117-5p
7616,hsa-miR-135b-3p
7692,hsa-miR-4733-5p
7705,hsa-miR-610
7708,hsa-miR-650
7773,hsa-miR-885-5p
7782,hsa-miR-132-5p
7838,hsa-miR-1283
7911,hsa-miR-5100
7918,hsa-miR-604
7920,hsa-miR-611
8141,hsa-miR-3689a-3p
8207,hsa-miR-4476
8272,hsa-miR-921
8367,hsa-miR-612
8381,hsa-miR-1227-3p
8384,hsa-miR-1294
8402,hsa-miR-3923
8406,hsa-miR-486-3p
8407,hsa-miR-488-5p
8438,hsa-miR-617
8629,hsa-miR-1277-3p
8695,hsa-miR-3173-5p
8707,hsa-miR-3659
8708,hsa-miR-3667-5p
8724,hsa-miR-4802-3p
8773,hsa-miR-1263
8895,hsa-miR-671-3p
8902,hsa-miR-1295a
8922,hsa-miR-548ap-3p
8990,hsa-miR-29c-5p
9010,hsa-miR-4523
9023,hsa-miR-875-3p
9111,hsa-miR-374c-3p
9288,hsa-miR-595
9324,hsa-miR-4525
9380,hsa-miR-602
9393,hsa-miR-298
9400,hsa-miR-541-3p
9443,hsa-miR-204-3p
9508,hsa-miR-593-5p
9509,hsa-miR-609
9664,hsa-miR-1285-3p
9668,hsa-let-7i-3p
9670,hsa-miR-3605-3p
9732,hsa-miR-4804-5p
9749,hsa-miR-1268a
9823,hsa-miR-4999-5p
9923,hsa-miR-597-5p
9959,hsa-miR-511-5p
10079,hsa-miR-4524a-3p
10112,hsa-miR-218-2-3p
10140,hsa-miR-518f-3p
10289,hsa-miR-516b-5p
10413,hsa-miR-3200-5p
10446,hsa-miR-378f
10691,hsa-miR-4787-3p
10699,hsa-miR-513c-5p
10700,hsa-miR-526b-5p
10885,hsa-miR-143-5p
10915,hsa-miR-3653-3p
10933,hsa-miR-214-3p
10945,hsa-miR-520h
10962,hsa-miR-5585-3p
11050,hsa-miR-670-5p
11154,hsa-miR-425-3p
11225,hsa-miR-4783-3p
11264,hsa-miR-566
11384,hsa-miR-337-5p
11629,hsa-miR-337-3p
11636,hsa-miR-675-3p
11851,hsa-miR-454-5p
11857,hsa-miR-509-3-5p
11858,hsa-miR-509-5p
11944,hsa-miR-2681-5p
12070,hsa-miR-200b-5p
12094,hsa-miR-3140-3p
12101,hsa-miR-4420
12249,hsa-miR-302d-5p
12269,hsa-miR-4423-3p
12272,hsa-miR-450a-1-3p
12275,hsa-miR-4802-5p
12350,hsa-miR-1185-5p
12403,hsa-miR-525-3p
12449,hsa-miR-339-3p
12926,hsa-miR-4491
13091,hsa-miR-363-5p
13104,hsa-miR-5196-3p
13107,hsa-miR-548ar-3p
13123,hsa-miR-638
13275,hsa-miR-518d-5p
13277,hsa-miR-520c-5p
13279,hsa-miR-526a
13292,hsa-miR-885-3p
13588,hsa-miR-575
13591,hsa-miR-663a
13872,hsa-miR-516a-5p
13957,hsa-miR-3677-3p
13960,hsa-miR-378b
14680,hsa-miR-1302
14765,hsa-miR-1255b-5p
14790,hsa-miR-5187-5p
14818,hsa-miR-135a-3p
14872,hsa-miR-520d-5p
15103,hsa-miR-491-3p
15104,hsa-miR-492
15276,hsa-miR-380-5p
15364,hsa-miR-4443
15416,hsa-miR-3194-3p
15571,hsa-miR-519a-5p
15585,hsa-miR-619-3p
15597,hsa-miR-920
15776,hsa-miR-1269b
15944,hsa-miR-4799-5p
16093,hsa-miR-1231
16282,hsa-miR-632
16813,hsa-miR-1273g-3p
16833,hsa-miR-4301
16897,hsa-miR-200c-5p
17140,hsa-miR-564
17624,hsa-miR-583
18149,hsa-miR-3145-3p
18159,hsa-miR-4425
18169,hsa-miR-643
18560,hsa-miR-302c-5p
18655,hsa-miR-4772-3p
18661,hsa-miR-514a-3p
18853,hsa-miR-3916
19276,hsa-miR-626
19305,hsa-miR-548q
19614,hsa-miR-601
20044,hsa-miR-4265
20178,hsa-miR-3150b-3p
21010,hsa-miR-606
21089,hsa-miR-155-3p
21517,hsa-miR-4693-5p
21527,hsa-miR-550b-2-5p
22095,hsa-miR-365a-5p
22119,hsa-miR-887-3p
22123,hsa-miR-92b-5p
23022,hsa-miR-151b
23293,hsa-miR-521
24243,hsa-miR-642b-3p
24280,hsa-miR-4677-3p
24353,hsa-miR-4458
24491,hsa-miR-3682-3p
24545,hsa-miR-4449
24708,hsa-miR-3130-5p
25215,hsa-miR-365b-5p
25321,hsa-miR-3944-5p
25623,hsa-miR-4789-5p
25810,hsa-miR-937-3p
27146,hsa-miR-548t-3p
27405,hsa-miR-662
27470,hsa-miR-3074-3p
27775,hsa-miR-106a-3p
27988,hsa-miR-195-3p
28119,hsa-miR-3175
28346,hsa-miR-548at-3p
28470,hsa-miR-19b-2-5p
28958,hsa-miR-512-3p
29516,hsa-miR-585-3p
29682,hsa-miR-541-5p
29864,hsa-miR-508-5p
30534,hsa-miR-3074-5p
30908,hsa-miR-1228-5p
31129,hsa-miR-1266-5p
31962,hsa-miR-2116-3p
33416,hsa-miR-4518
33437,hsa-miR-3138
35309,hsa-miR-658
36117,hsa-miR-378e
36402,hsa-miR-4446-3p
37118,hsa-miR-3614-5p
37151,hsa-miR-4437
37947,hsa-miR-4466
38548,hsa-miR-4707-5p
39815,hsa-miR-3940-3p
39876,hsa-miR-891a-5p
40669,hsa-miR-567
41156,hsa-miR-2277-5p
41166,hsa-miR-3116
41195,hsa-miR-3912-3p
41624,hsa-miR-572
42924,hsa-miR-3614-3p
45226,hsa-miR-5001-5p
46168,hsa-miR-4516
48712,hsa-miR-297
48933,hsa-miR-122-3p
50346,hsa-miR-664b-3p
53311,hsa-let-7a-2-3p
55836,hsa-miR-1269a
55997,hsa-miR-548x-3p
56081,hsa-miR-369-5p
57280,hsa-miR-1247-5p
57528,hsa-miR-325
58061,hsa-miR-4746-5p
59811,hsa-miR-889-3p
61111,hsa-miR-2116-5p
62833,hsa-miR-4504
65209,hsa-miR-219b-5p
66210,hsa-miR-1248
66420,hsa-miR-4488
66884,hsa-miR-663b
67500,hsa-miR-1911-5p
67699,hsa-miR-4787-5p
69050,hsa-miR-761
70028,hsa-miR-4632-3p
70876,hsa-miR-1307-5p
74869,hsa-miR-3960
77030,hsa-miR-524-5p
77321,hsa-miR-1973
80466,hsa-miR-4687-3p
81403,hsa-miR-3150a-5p
84927,hsa-miR-1237-3p
91549,hsa-miR-4508
92744,hsa-miR-4485-3p
94671,hsa-miR-4707-3p
96495,hsa-miR-3188
107611,hsa-miR-4791
111277,hsa-miR-642a-3p
112400,hsa-miR-659-5p
121454,hsa-miR-520g-3p
121459,hsa-miR-523-3p
124269,hsa-miR-943
130157,hsa-miR-4423-5p
134426,hsa-miR-4767
139665,hsa-miR-466
140384,hsa-miR-3192-5p
142173,hsa-miR-1262
143517,hsa-miR-518e-3p
150341,hsa-miR-1914-5p
151771,hsa-miR-664b-5p
153509,hsa-miR-548g-3p
162982,hsa-miR-3181
163648,hsa-miR-1268b
165558,hsa-miR-4537
175245,hsa-miR-3136-5p
181014,hsa-miR-4676-5p
181978,hsa-miR-1284
188116,hsa-miR-4687-5p
188853,hsa-miR-3620-3p
188943,hsa-miR-1236-3p
210280,hsa-miR-3159
210335,hsa-miR-4510
231328,hsa-miR-559
232007,hsa-miR-4532
280224,hsa-miR-525-5p
312430,hsa-miR-548v
325874,hsa-miR-5193
339075,hsa-miR-371a-3p
339105,hsa-miR-767-3p
339937,hsa-miR-3177-3p
384126,hsa-miR-5090
412307,hsa-miR-517a-3p
436818,hsa-miR-4479
0,hsa-miR-23a
8,hsa-miR-26a
20,hsa-miR-101
22,hsa-miR-19a
25,hsa-miR-34a
32,hsa-miR-1
38,hsa-miR-130a
46,hsa-miR-32
47,hsa-let-7b
48,hsa-miR-141
49,hsa-miR-24
50,hsa-miR-145
52,hsa-let-7e
53,hsa-miR-15a
54,hsa-miR-16
56,hsa-miR-103
57,hsa-miR-196a
68,hsa-miR-24-1*
70,hsa-miR-122
77,hsa-miR-223
78,hsa-miR-221
79,hsa-miR-222
81,hsa-miR-10a
82,hsa-miR-17
84,hsa-miR-155
85,hsa-miR-29b
86,hsa-miR-181b
89,hsa-miR-125b
94,hsa-miR-21
95,hsa-let-7a
98,hsa-miR-143
99,hsa-miR-20a
118,hsa-miR-372
119,hsa-miR-373
133,hsa-miR-133a
140,hsa-miR-124
180,hsa-miR-27b
189,hsa-miR-376a*
196,hsa-miR-30a*
224,hsa-miR-106a
260,[miR-129]
261,[miR-23b]
262,[miR-24]
263,[miR-27b]
264,[miR-30a]
265,[miR-34a]
266,hsa-miR-181a
580,[miR-200]
591,hsa-miR-200b
597,hsa-miR-200a
601,hsa-miR-205
604,hsa-miR-148a
606,hsa-miR-148b
609,hsa-miR-22
611,[miR-106b]
612,[miR-93]
616,[miR-20a]
617,[miR-20b]
619,hsa-miR-34b*
623,[miR-302d]
625,[miR-373]
628,hsa-miR-147
629,[miR-330]
631,[miR-378]
633,hsa-miR-504
634,hsa-miR-520g
635,hsa-miR-224
644,hsa-miR-96
645,[miR-122]
652,hsa-miR-378*
678,[miR-335]
681,hsa-miR-212
686,[miR-520c]
687,hsa-miR-126*
690,hsa-miR-214
692,hsa-miR-126
696,hsa-miR-433
726,hsa-miR-218
727,[miR-27a]
738,hsa-miR-424
755,[miR-130a]
758,hsa-let-7c
776,hsa-miR-150
778,hsa-miR-382
797,hsa-let-7g
804,hsa-miR-29a
806,hsa-miR-9
807,hsa-miR-424*
815,hsa-miR-29c
821,hsa-miR-10b
854,hsa-miR-210
872,[miR-143]
878,[miR-132]
879,[miR-219]
931,hsa-miR-182
950,hsa-miR-370
951,hsa-miR-203
952,[miR-29b]
953,[miR-26a]
956,[miR-26b]
957,[miR-141]
961,[miR-99b]
962,[miR-99a]
963,[let-7a]
972,hsa-let-7i
978,hsa-miR-15b
993,hsa-miR-7
1002,[miR-16-1]
1003,hsa-miR-200c
1031,hsa-miR-98
1482,[miR-106a]
1491,[hsa-let-7b]
1492,hsa-miR-128
1497,[hsa-miR-34c]
1499,[hsa-miR-34b]
1504,[hsa-miR-34a]
1520,hsa-miR-27a
1526,[hsa-miR-146a]
1529,[hsa-miR-130a]
1530,[hsa-miR-101]
1531,[hsa-miR-19a]
1537,[hsa-miR-19b]
1541,[hsa-miR-32]
1542,[hsa-miR-25]
1543,[hsa-miR-181b]
1544,[hsa-miR-181a]
1545,[hsa-miR-106b]
1546,[hsa-miR-93]
1558,hsa-miR-659
1560,[hsa-miR-377]
1562,hsa-miR-302a
1566,[hsa-miR-424]
1571,[hsa-miR-195]
1575,[hsa-miR-17]
1584,hsa-let-7d
1604,hsa-miR-451
1605,[hsa-miR-17-92]
1606,[hsa-miR-30a]
1608,[hsa-let-7f]
1611,hsa-miR-510
1624,hsa-miR-132
1636,hsa-mir-328
1651,hsa-miR-106b
1652,hsa-miR-192
1682,[hsa-miR-199a]
1700,hsa-miR-9*
1702,[hsa-miR-150]
1721,[hsa-miR-21]
1738,[hsa-miR-183]
1747,[has-miR-320]
1749,hsa-miR-204
1751,[hsa-miR-141]
1752,[hsa-miR-200c]
1753,hsa-miR-302b
1754,[has-miR-15a]
1755,[has-miR-16]
1760,[miR-17-19b-1]
1768,[P-2]
1769,[P-27‚Äì5p]
1773,[hsa-miR-373]
1774,[hsa-mir-520c]
1786,[hsa-miR-218]
1800,[has-mir-106a]
1801,[has-mir-106b]
1802,[has-let-71f1]
1805,[has-let-7a3b]
1823,hsa-miR-302d
1831,hsa-miR-30e
1833,hsa-miR-30c
1836,rno-miR-16
1857,[hsa-miR-29a]
1888,hsa-miR-146a
1890,hsa-miR-135a
1891,hsa-miR-135b
1893,[has-mir-186]
1899,hsa-miR-99a
1902,hsa-miR-100
1911,hsa-miR-33a
1912,hsa-miR-33b
1915,hsa-miR-215
1919,hsa-miR-1285
1941,hsa-mir-31
1982,hsa-let-7f
1988,hsa-miR-18a
1990,hsa-miR-19b
2016,hsa-miR-138
2052,hsa-miR-153
2053,hsa-miR-183
2054,hsa-miR-186
2059,hsa-miR-494
2076,hsa-miR-675
2108,hsa-miR-152
2126,hsa-miR-181c
2135,hsa-miR-30d
2194,hsa-miR-25
2262,hsa-miR-30a
2270,hsa-miR-20b
2287,hsa-miR-185
2296,hsa-miR-93
2298,hsa-miR-197
2395,hsa-miR-193b
2412,hsa-miR-302c
2434,hsa-miR-181d
2448,hsa-miR-661
2470,hsa-miR-92b
2474,hsa-miR-503
2488,hsa-miR-105
2498,hsa-miR-23b
2521,hsa-miR-92a
2524,hsa-miR-195
2530,hsa-miR-489
2535,hsa-miR-124a
2565,has-miR-199a*
2567,hsa-miR-18a*
2571,hsa-miR-625
2598,hsa-miR-92-1
2620,hsa-miR-605
2654,hsa-mir-491
2690,hsa-miR-101*
2792,hsa-mir-18
2795,hsa-miR-302b*
2796,hsa-miR-323-3p
2813,hsa-miR-379
2823,hsa-mir-1258
2842,hsa-miR-381 
2849,hsa-miR-26b
2929,hsa-miR-616
2964,hsa-miR-342
2969,hsa-miR-296
2998,hsa-miR-637 
3000,hsa-mir-877 
3039,hsa-miR-708
3044,hsa-miR-365
3055,hsa-miR-758
3087,hsa-miR-30e*
